{
  "iteration": "iter_0057",
  "h01_mean_joint_auroc_all_seeds": 0.7512938357733485,
  "h01_per_seed": {
    "main": 0.7435954785954787,
    "seed43": 0.7529607988910314,
    "seed44": 0.7573252298335355
  },
  "h01_all_seeds_gt065": true,
  "h02_sv57_mean_pa_main_s43": 29.042503356933594,
  "h02_sv57_mean_pa_main_s44": 19.6123632589976,
  "h02_cross_pa_main24_s43_57": 74.82569122314453,
  "h03_rho_sv_joint_frac_auroc": -0.9300699300699302,
  "h03_p_joint": 1.170222792865967e-05,
  "h03_rho_sv57_frac_auroc": -0.5524475524475525,
  "h03_p_57": 0.0625114832796151
}