{
  "hypothesis": "trrust_go_jaccard_vs_embedding_distance",
  "layer_tested": 11,
  "n_coregulated_pairs": 5989,
  "n_go_pairs": 32,
  "n_random_pairs": 5000,
  "coregulated_mean_dist_L11": 5.399054527282715,
  "go_mean_dist_L11": 5.136117935180664,
  "random_mean_dist_L11": 5.37814474105835,
  "coregulated_auroc_L11": 0.5061482885289698,
  "coregulated_p_L11": 0.8668783935784685,
  "go_auroc_L11": 0.4735,
  "go_p_L11": 0.3023946645656349,
  "coreg_auroc_per_layer": [
    0.539368174987477,
    0.541040574386375,
    0.5378945232927033,
    0.5337617632325931,
    0.5284156787443647,
    0.5251320921689765,
    0.5214925864084154,
    0.5158887961262314,
    0.5121430288862915,
    0.5120400066789114,
    0.5083984638503923,
    0.5061482885289698
  ],
  "go_auroc_per_layer": [
    0.47036875,
    0.44125625,
    0.40791875,
    0.4183,
    0.45091875,
    0.456025,
    0.46686875,
    0.50133125,
    0.50266875,
    0.50840625,
    0.48623125,
    0.4735
  ],
  "spearman_rho_coreg_layer_auroc": -0.9930069930069931,
  "spearman_p_coreg": 1.3016730560634403e-10,
  "spearman_rho_go_layer_auroc": 0.7202797202797203,
  "spearman_p_go": 0.008239768712338441
}