{
  "hypothesis": "bcell_centroid_separation_trajectory",
  "n_bcell": 5,
  "n_non_bcell": 190,
  "centroid_dists_per_layer": [
    5.52364444732666,
    4.801259517669678,
    4.488342761993408,
    4.523580551147461,
    4.299829483032227,
    4.113136291503906,
    4.061988830566406,
    4.263689994812012,
    4.427969455718994,
    3.8792881965637207,
    3.213660478591919,
    2.455618143081665
  ],
  "normalized_dists_per_layer": [
    0.34352318613044147,
    0.347991228754624,
    0.35045868068395986,
    0.3582943161367441,
    0.36597661910748525,
    0.36541145024507277,
    0.3639021503691042,
    0.3919539383382999,
    0.4117698522150865,
    0.4184563608178263,
    0.4396472076662938,
    0.4580939330942138
  ],
  "spearman_rho_raw": -0.9020979020979022,
  "spearman_p_raw": 5.997857446537695e-05,
  "spearman_rho_norm": 0.9720279720279721,
  "spearman_p_norm": 1.2868115751495034e-07,
  "bootstrap_null_rho_mean": -0.9691468531468532,
  "bootstrap_null_rho_std": 0.08213918738911412,
  "bootstrap_z_score": 0.8162845664602784,
  "bootstrap_empirical_p": 0.088,
  "n_bootstrap": 1000,
  "interpretation": "If rho > 0 and significant vs null: B-cell centroid progressively separates"
}