{
  "sv_idx": 3,
  "K": 52,
  "n_quintiles": 5,
  "n_pairs": 3092,
  "quintile_midpoints": [
    0.4274764991896272,
    0.4930597738287561,
    0.5844773462783172,
    0.7112940226171244,
    0.9067027463651051
  ],
  "mean_z_per_quintile_all_layers": [
    -1.8102266390736963,
    -2.9515088938180334,
    -1.1390781047314473,
    -0.18010034468019023,
    6.073224917064466
  ],
  "spearman_rho": 0.9,
  "spearman_p": 0.03738607346849875,
  "Q5_mean_z": 6.073,
  "layer_results": {
    "0": {
      "quintile_rates": [
        0.1880064829821718,
        0.16639741518578352,
        0.19093851132686085,
        0.21163166397415187,
        0.2633279483037157
      ],
      "quintile_z": [
        -2.2169982620355477,
        -5.198428923721921,
        -1.8124625694199423,
        1.042598110240737,
        8.175200434769488
      ],
      "baseline_rate": 0.20407503234152652
    },
    "1": {
      "quintile_rates": [
        0.15883306320907617,
        0.1631663974151858,
        0.15372168284789645,
        0.16155088852988692,
        0.23263327948303716
      ],
      "quintile_z": [
        -2.2242385534229765,
        -1.5886445883851292,
        -2.9739528279412752,
        -1.825600163266309,
        8.600445131505545
      ],
      "baseline_rate": 0.17399741267787838
    },
    "2": {
      "quintile_rates": [
        0.14748784440842788,
        0.14378029079159935,
        0.13754045307443366,
        0.1470113085621971,
        0.2245557350565428
      ],
      "quintile_z": [
        -1.9111052030799163,
        -2.4733274520096002,
        -3.419551284991434,
        -1.983368232250256,
        9.775653041973937
      ],
      "baseline_rate": 0.16009055627425614
    },
    "3": {
      "quintile_rates": [
        0.17341977309562398,
        0.1583198707592892,
        0.15372168284789645,
        0.15993537964458804,
        0.2455573505654281
      ],
      "quintile_z": [
        -0.6948547943436673,
        -2.8889484981170908,
        -3.557088921838716,
        -2.6542067233246187,
        9.787107340676563
      ],
      "baseline_rate": 0.1782018111254851
    },
    "4": {
      "quintile_rates": [
        0.17179902755267423,
        0.16639741518578352,
        0.15210355987055016,
        0.1631663974151858,
        0.2407108239095315
      ],
      "quintile_z": [
        -1.022893910262966,
        -1.806663959913801,
        -3.8806920332335193,
        -2.275482302749054,
        8.97615792529705
      ],
      "baseline_rate": 0.17884864165588615
    },
    "5": {
      "quintile_rates": [
        0.14424635332252836,
        0.13893376413570274,
        0.18932038834951456,
        0.17932148626817448,
        0.18578352180936994
      ],
      "quintile_z": [
        -3.4667646743033287,
        -4.257800669502236,
        3.244686729396713,
        1.7558662728058725,
        2.7180529835751663
      ],
      "baseline_rate": 0.16752910737386806
    },
    "6": {
      "quintile_rates": [
        0.14100486223662884,
        0.16478190630048464,
        0.18284789644012944,
        0.14862681744749595,
        0.2310177705977383
      ],
      "quintile_z": [
        -4.79528260475986,
        -1.3052102420360687,
        1.3465749303462915,
        -3.6765070681571776,
        8.41710674506048
      ],
      "baseline_rate": 0.1736739974126779
    },
    "7": {
      "quintile_rates": [
        0.12641815235008103,
        0.12924071082390953,
        0.13754045307443366,
        0.11954765751211632,
        0.18739903069466882
      ],
      "quintile_z": [
        -2.1824993011678013,
        -1.7302280429783146,
        -0.40032295683090907,
        -3.2833896365010156,
        7.588741518157896
      ],
      "baseline_rate": 0.14003880983182407
    },
    "8": {
      "quintile_rates": [
        0.1166936790923825,
        0.10823909531502424,
        0.1343042071197411,
        0.14539579967689822,
        0.15508885298869143
      ],
      "quintile_z": [
        -2.5071782553308877,
        -3.8962671880819975,
        0.3862332036955049,
        2.208582934145006,
        3.801152531247702
      ],
      "baseline_rate": 0.13195342820181113
    },
    "9": {
      "quintile_rates": [
        0.13290113452188007,
        0.11147011308562198,
        0.1407766990291262,
        0.1680129240710824,
        0.18093699515347333
      ],
      "quintile_z": [
        -2.1883970415615646,
        -5.555347361276018,
        -0.9510955664791877,
        3.327889309980381,
        5.358343406267555
      ],
      "baseline_rate": 0.14683053040103494
    },
    "10": {
      "quintile_rates": [
        0.12479740680713128,
        0.1098546042003231,
        0.1262135922330097,
        0.13570274636510501,
        0.12439418416801293
      ],
      "quintile_z": [
        0.10216506067446782,
        -2.4172589963272046,
        0.3409403242590681,
        1.9408545993834172,
        0.034179901260020344
      ],
      "baseline_rate": 0.12419146183699871
    },
    "11": {
      "quintile_rates": [
        0.12641815235008103,
        0.1050080775444265,
        0.10679611650485436,
        0.13731825525040386,
        0.11631663974151858
      ],
      "quintile_z": [
        1.3853278707096917,
        -2.299980803467021,
        -1.992206283739962,
        3.2615587635307337,
        -0.3534419550178055
      ],
      "baseline_rate": 0.11836998706338939
    }
  }
}