{
  "description": "ID compression breakpoint detection on nonzero-only genes",
  "n_nonzero_genes": 2039,
  "id_by_layer": {
    "0": 34.678721398812336,
    "1": 33.27037766777587,
    "2": 32.176413470228816,
    "3": 30.342696192097264,
    "4": 27.90796857081165,
    "5": 26.963905580018576,
    "6": 26.438708922397797,
    "7": 25.268119719493466,
    "8": 24.69388753770176,
    "9": 22.97720867581282,
    "10": 21.03278224579091,
    "11": 19.981165960191653
  },
  "delta_id": {
    "0": -1.4083437310364673,
    "1": -1.0939641975470522,
    "2": -1.8337172781315516,
    "3": -2.4347276212856137,
    "4": -0.9440629907930749,
    "5": -0.5251966576207785,
    "6": -1.1705892029043312,
    "7": -0.5742321817917073,
    "8": -1.7166788618889406,
    "9": -1.9444264300219096,
    "10": -1.0516162855992555
  },
  "best_breakpoint_layer": 5,
  "slope_before": -1.6141435332283718,
  "slope_after": -1.2161065448705424,
  "global_linear_r2": 0.9861386156469935,
  "global_slope": -1.3038275827522972
}