{
  "0": {
    "mean_purity": 0.21428571428571427,
    "per_lineage": {
      "B": 0.3,
      "T": 0.2,
      "Myeloid": 0.1,
      "NK": 0.1
    }
  },
  "2": {
    "mean_purity": 0.21428571428571427,
    "per_lineage": {
      "B": 0.3,
      "T": 0.2,
      "Myeloid": 0.1,
      "NK": 0.1
    }
  },
  "5": {
    "mean_purity": 0.21428571428571427,
    "per_lineage": {
      "B": 0.3,
      "T": 0.2,
      "Myeloid": 0.1,
      "NK": 0.1
    }
  },
  "8": {
    "mean_purity": 0.21428571428571427,
    "per_lineage": {
      "B": 0.3,
      "T": 0.2,
      "Myeloid": 0.1,
      "NK": 0.1
    }
  },
  "11": {
    "mean_purity": 0.21428571428571427,
    "per_lineage": {
      "B": 0.3,
      "T": 0.2,
      "Myeloid": 0.1,
      "NK": 0.1
    }
  },
  "null_l2_mean": 0.21428571428571433,
  "null_l11_mean": 0.21428571428571433,
  "p_l2": 0.958,
  "p_l11": 0.958
}