{
  "nk_effector": {
    "in_vocab": [
      "FCGR3A",
      "KLRB1",
      "KLRD1",
      "GNLY"
    ],
    "ids_per_layer": [
      11.849821582011844,
      12.551347045392408,
      12.828695532449496,
      16.964301710098784,
      16.77505058070584,
      16.79475616252599,
      15.209701815772865,
      13.824632972391605,
      14.78522510381318,
      16.775753465726595,
      13.711246564663561,
      11.038834287436998
    ],
    "pre_l7_mean": 14.71052491842246,
    "post_l7_mean": 14.027138478806387,
    "l7_slope_change": -0.683386439616072
  },
  "plasma_cell": {
    "in_vocab": [
      "IGHG1",
      "IGKC",
      "JCHAIN",
      "MZB1",
      "DERL3"
    ],
    "ids_per_layer": [
      10.963513429031332,
      10.586623807782559,
      10.676459277967865,
      10.426045927020706,
      8.320230382952111,
      8.191392554052024,
      8.374674083702375,
      10.471577374934187,
      11.095094394229163,
      13.417545936658168,
      13.600148330757662,
      13.218274713315482
    ],
    "pre_l7_mean": 9.648419923215567,
    "post_l7_mean": 12.360528149978933,
    "l7_slope_change": 2.712108226763366
  },
  "neutrophil": {
    "in_vocab": [
      "S100A8",
      "S100A9",
      "CXCR1",
      "FCGR3B",
      "MPO"
    ],
    "ids_per_layer": [
      2.3637195788148824,
      2.3077175519973805,
      2.314661576842055,
      2.2281665955068233,
      2.1674462078675854,
      2.121797451419622,
      2.0106951061379252,
      2.001906989535306,
      1.9270782954934338,
      1.779794749780698,
      1.6934863835065859,
      1.6187418218334768
    ],
    "pre_l7_mean": 2.216314866940896,
    "post_l7_mean": 1.8042016480299001,
    "l7_slope_change": -0.41211321891099595
  },
  "pan_myeloid": {
    "in_vocab": [
      "LYZ",
      "CST3",
      "AIF1",
      "FCN1",
      "CD14"
    ],
    "ids_per_layer": [
      21.10751023847739,
      19.951746990630355,
      14.78423787029031,
      15.155545297774115,
      17.37295980149625,
      18.34333139373284,
      14.850927561335247,
      15.67980996432167,
      14.525986463314865,
      17.09554390026059,
      19.31046027460399,
      22.97057990902216
    ],
    "pre_l7_mean": 17.366608450533786,
    "post_l7_mean": 17.916476102304657,
    "l7_slope_change": 0.5498676517708709
  },
  "effector_cd8": {
    "in_vocab": [
      "CD8A",
      "GZMB",
      "PRF1",
      "NKG7",
      "GNLY"
    ],
    "ids_per_layer": [
      7.983647145472777,
      8.532330542013886,
      8.696334147683732,
      9.289440278421344,
      8.333867053080695,
      8.263860398622091,
      8.893672749268315,
      10.209574930337695,
      10.264476687985573,
      11.660089666708036,
      12.42649550235232,
      12.40005021910653
    ],
    "pre_l7_mean": 8.570450330651836,
    "post_l7_mean": 11.392137401298033,
    "l7_slope_change": 2.821687070646197
  },
  "general_t": {
    "in_vocab": [
      "CD3E",
      "CD3D",
      "TRAC",
      "TRBC1"
    ],
    "ids_per_layer": [
      8.132097310295986,
      7.827387068970261,
      8.797101849369316,
      8.606608842171454,
      8.173750070476972,
      7.685145113779368,
      6.834326233335797,
      6.196969665103936,
      6.2455101552834895,
      6.59175782931752,
      6.106304613889429,
      5.974620478190929
    ],
    "pre_l7_mean": 8.008059498342735,
    "post_l7_mean": 6.22303254835706,
    "l7_slope_change": -1.7850269499856752
  }
}