{
  "bcl6_in_vocab": true,
  "status": "computed",
  "bcell_ranks_by_layer": [
    655,
    773,
    1312,
    1078,
    1165,
    1097,
    930,
    1011,
    791,
    751,
    770,
    928
  ],
  "metabolic_ranks_by_layer": [
    133,
    161,
    282,
    209,
    227,
    200,
    204,
    238,
    222,
    220,
    209,
    202
  ],
  "bcell_dists_by_layer": [
    15.063597679138184,
    13.009180068969727,
    13.044209480285645,
    12.931828498840332,
    12.238506317138672,
    11.868839263916016,
    11.295217514038086,
    10.960699081420898,
    10.161571502685547,
    8.525402069091797,
    6.513202667236328,
    4.962925434112549
  ],
  "metabolic_dists_by_layer": [
    10.947858810424805,
    9.483138084411621,
    9.474689483642578,
    9.01456356048584,
    8.409161567687988,
    7.874588966369629,
    7.579516887664795,
    7.380437850952148,
    6.920254230499268,
    5.816648006439209,
    4.275184631347656,
    3.002293825149536
  ],
  "spearman_rho_rank_tracks": 0.5043790572036093,
  "spearman_pval": 0.09448453562735726,
  "interpretation": "co-move"
}