{
  "layer": 8,
  "method": "ripser H1 PH on SV2-4 projections (3D)",
  "n_circuit": 295,
  "n_noncircuit": 295,
  "h1_circuit_count": 108,
  "h1_noncircuit_count": 119,
  "h1_circuit_mean_lt": 0.0014288347490407803,
  "h1_noncircuit_mean_lt": 0.0017776545645872585,
  "h1_circuit_total_lt": 0.15431415289640427,
  "h1_noncircuit_total_lt": 0.21154089318588376,
  "h0_circuit_finite_count": 294,
  "h0_noncircuit_finite_count": 294,
  "h0_circuit_mean_lt": 0.0064135621409533786,
  "h0_noncircuit_mean_lt": 0.007894053024106793,
  "mw_p_h1_circuit_gt_noncircuit": 0.952991645604592,
  "rbc_h1_circuit_vs_noncircuit": 0.1286959228135699,
  "dgm_circuit_h1": [
    [
      0.05236901715397835,
      0.055029287934303284
    ],
    [
      0.026027150452136993,
      0.027731820940971375
    ],
    [
      0.022952895611524582,
      0.025608135387301445
    ],
    [
      0.01815851218998432,
      0.019875654950737953
    ],
    [
      0.01756010390818119,
      0.017681078985333443
    ],
    [
      0.01733948104083538,
      0.022707277908921242
    ],
    [
      0.016676533967256546,
      0.022115880623459816
    ],
    [
      0.016203947365283966,
      0.016595274209976196
    ],
    [
      0.016080480068922043,
      0.016436386853456497
    ],
    [
      0.01594700664281845,
      0.016613220795989037
    ],
    [
      0.015828697010874748,
      0.01817140355706215
    ],
    [
      0.015350032597780228,
      0.018751928582787514
    ],
    [
      0.014406718313694,
      0.015887228772044182
    ],
    [
      0.014398610219359398,
      0.01502655167132616
    ],
    [
      0.013848151080310345,
      0.016594860702753067
    ],
    [
      0.013840315863490105,
      0.01508320216089487
    ],
    [
      0.013699959963560104,
      0.01598900556564331
    ],
    [
      0.013451505452394485,
      0.013690182007849216
    ],
    [
      0.013095553033053875,
      0.01373687107115984
    ],
    [
      0.012295844964683056,
      0.014582999050617218
    ],
    [
      0.012223528698086739,
      0.014369416050612926
    ],
    [
      0.01213629636913538,
      0.012340296991169453
    ],
    [
      0.01184458564966917,
      0.016917182132601738
    ],
    [
      0.011701184324920177,
      0.01595993898808956
    ],
    [
      0.01158846728503704,
      0.012282944284379482
    ],
    [
      0.011582222767174244,
      0.012679420411586761
    ],
    [
      0.011499298736453056,
      0.011535785160958767
    ],
    [
      0.011178426444530487,
      0.01401444524526596
    ],
    [
      0.011157617904245853,
      0.013775588944554329
    ],
    [
      0.010788756422698498,
      0.012219750322401524
    ],
    [
      0.010605008341372013,
      0.012156905606389046
    ],
    [
      0.010465049184858799,
      0.012316256761550903
    ],
    [
      0.010382925160229206,
      0.01115448772907257
    ],
    [
      0.010349901393055916,
      0.010373110882937908
    ],
    [
      0.010141624137759209,
      0.010929985903203487
    ],
    [
      0.009879110381007195,
      0.009904397651553154
    ],
    [
      0.009838907048106194,
      0.010869498364627361
    ],
    [
      0.009823780506849289,
      0.013178077526390553
    ],
    [
      0.009797942824661732,
      0.011533155106008053
    ],
    [
      0.00966713484376669,
      0.011783316731452942
    ],
    [
      0.009481889195740223,
      0.012174833565950394
    ],
    [
      0.009363723918795586,
      0.009949762374162674
    ],
    [
      0.00935149472206831,
      0.011518141254782677
    ],
    [
      0.009336374700069427,
      0.009877162985503674
    ],
    [
      0.009106364101171494,
      0.01252630166709423
    ],
    [
      0.009102427400648594,
      0.009435294196009636
    ],
    [
      0.008973924443125725,
      0.010727986693382263
    ],
    [
      0.008958362974226475,
      0.011001188308000565
    ],
    [
      0.008914417587220669,
      0.01002805307507515
    ],
    [
      0.008681250736117363,
      0.01070841308683157
    ],
    [
      0.008559754118323326,
      0.00984598696231842
    ],
    [
      0.008496450260281563,
      0.0112116364762187
    ],
    [
      0.0083943335339427,
      0.009972150437533855
    ],
    [
      0.008384264074265957,
      0.008663288317620754
    ],
    [
      0.008199772797524929,
      0.008249667473137379
    ],
    [
      0.008094096556305885,
      0.00931562390178442
    ],
    [
      0.008047953248023987,
      0.010759081691503525
    ],
    [
      0.008038721047341824,
      0.008142346516251564
    ],
    [
      0.007984272204339504,
      0.009059326723217964
    ],
    [
      0.00787664856761694,
      0.009210387244820595
    ],
    [
      0.0078205531463027,
      0.008020925335586071
    ],
    [
      0.007813210599124432,
      0.008180288597941399
    ],
    [
      0.007757196668535471,
      0.008412779308855534
    ],
    [
      0.007675401400774717,
      0.008693849667906761
    ],
    [
      0.0076596406288445,
      0.00839509442448616
    ],
    [
      0.007607244420796633,
      0.009151502512395382
    ],
    [
      0.0075296699069440365,
      0.008306476287543774
    ],
    [
      0.007526522967964411,
      0.009027973748743534
    ],
    [
      0.007414349354803562,
      0.008625943213701248
    ],
    [
      0.007388273719698191,
      0.00748350890353322
    ],
    [
      0.007372202351689339,
      0.007787262089550495
    ],
    [
      0.007363900542259216,
      0.008699644356966019
    ],
    [
      0.00735719408839941,
      0.007991516031324863
    ],
    [
      0.007346981205046177,
      0.0079963319003582
    ],
    [
      0.007331684231758118,
      0.007699915673583746
    ],
    [
      0.0073203579522669315,
      0.012048613280057907
    ],
    [
      0.007301458157598972,
      0.009450927376747131
    ],
    [
      0.007282743230462074,
      0.00931452214717865
    ],
    [
      0.007245966698974371,
      0.008223391138017178
    ],
    [
      0.00717151677235961,
      0.008125217631459236
    ],
    [
      0.007073435932397842,
      0.008044793270528316
    ],
    [
      0.006954053416848183,
      0.00769260386005044
    ],
    [
      0.006922830827534199,
      0.007087319623678923
    ],
    [
      0.006850743666291237,
      0.006955691613256931
    ],
    [
      0.00679823337122798,
      0.008296702057123184
    ],
    [
      0.0067957304418087006,
      0.007472692523151636
    ],
    [
      0.00679446617141366,
      0.0088682621717453
    ],
    [
      0.006789795588701963,
      0.0081860376521945
    ],
    [
      0.006659673526883125,
      0.007896832190454006
    ],
    [
      0.0066009582951664925,
      0.008300011046230793
    ],
    [
      0.006493230350315571,
      0.008970245718955994
    ],
    [
      0.0064096394926309586,
      0.006641660816967487
    ],
    [
      0.006359903607517481,
      0.006593809463083744
    ],
    [
      0.006359053775668144,
      0.006804377771914005
    ],
    [
      0.006357336882501841,
      0.0064335772767663
    ],
    [
      0.006228943355381489,
      0.007641372736543417
    ],
    [
      0.006187346763908863,
      0.008110812865197659
    ],
    [
      0.006180634722113609,
      0.008625943213701248
    ],
    [
      0.006091183051466942,
      0.006368929985910654
    ],
    [
      0.00603838125243783,
      0.008714139461517334
    ],
    [
      0.006018710322678089,
      0.006897984072566032
    ],
    [
      0.005989794619381428,
      0.006662099156528711
    ],
    [
      0.005984422285109758,
      0.007602672092616558
    ],
    [
      0.005968703888356686,
      0.006671778857707977
    ],
    [
      0.005965373013168573,
      0.0062235500663518906
    ],
    [
      0.005862153600901365,
      0.00898278970271349
    ],
    [
      0.005809246562421322,
      0.006051147356629372
    ],
    [
      0.005723581183701754,
      0.006384196691215038
    ]
  ],