{
  "cross_seed_results": {
    "seed42": [
      32.571144104003906,
      31.62287139892578,
      29.655576705932617,
      28.31664276123047,
      27.09904670715332,
      25.563167572021484,
      25.041202545166016,
      23.505962371826172,
      23.033273696899414,
      22.32143783569336,
      20.920974731445312,
      19.170854568481445
    ],
    "seed43": [
      33.621803283691406,
      32.32434844970703,
      31.200361251831055,
      30.15064239501953,
      29.209545135498047,
      27.340673446655273,
      25.511690139770508,
      23.70257568359375,
      23.241159439086914,
      22.217758178710938,
      20.563804626464844,
      19.077301025390625
    ],
    "seed44": [
      34.444854736328125,
      32.985836029052734,
      30.800832748413086,
      29.560771942138672,
      27.70081901550293,
      26.18086051940918,
      25.417470932006836,
      23.885257720947266,
      22.480892181396484,
      21.48109245300293,
      20.042762756347656,
      19.21924591064453
    ]
  },
  "bootstrap_ci_seed42": {
    "0": {
      "mean": 0.6781585890054703,
      "ci_low": 0.4902913808822632,
      "ci_high": 0.9638058558106423
    },
    "1": {
      "mean": 0.7140511447191238,
      "ci_low": 0.5410343885421753,
      "ci_high": 1.078198555111885
    },
    "2": {
      "mean": 0.6552499788999557,
      "ci_low": 0.4968878455460072,
      "ci_high": 0.8695992141962051
    },
    "3": {
      "mean": 0.624251458644867,
      "ci_low": 0.4576046444475651,
      "ci_high": 0.8421483859419823
    },
    "4": {
      "mean": 0.5807731658220291,
      "ci_low": 0.45887465849518777,
      "ci_high": 0.7410907238721848
    },
    "5": {
      "mean": 0.49031956791877745,
      "ci_low": 0.38020170778036116,
      "ci_high": 0.5976950556039811
    },
    "6": {
      "mean": 0.512593851685524,
      "ci_low": 0.39242575913667677,
      "ci_high": 0.6750450685620307
    },
    "7": {
      "mean": 0.6331703341007233,
      "ci_low": 0.4836669035255909,
      "ci_high": 0.8223562061786651
    },
    "8": {
      "mean": 0.684646965265274,
      "ci_low": 0.535786560177803,
      "ci_high": 0.8900532349944115
    },
    "9": {
      "mean": 0.7039719176292419,
      "ci_low": 0.4985690973699093,
      "ci_high": 0.9411899924278259
    },
    "10": {
      "mean": 0.49258474171161654,
      "ci_low": 0.38521863147616386,
      "ci_high": 0.6506480380892753
    },
    "11": {
      "mean": 0.6649899280071259,
      "ci_low": 0.5104705974459648,
      "ci_high": 1.0583487778902052
    }
  },
  "bootstrap_ci_seed42_fixed": {
    "0": {
      "mean": 31.832613677978514,
      "ci_low": 27.035331153869627,
      "ci_high": 37.41978826522827,
      "n_boot": 50
    },
    "1": {
      "mean": 31.038872756958007,
      "ci_low": 26.93899335861206,
      "ci_high": 36.04394483566284,
      "n_boot": 50
    },
    "2": {
      "mean": 29.498368911743164,
      "ci_low": 25.85888819694519,
      "ci_high": 34.03039093017578,
      "n_boot": 50
    },
    "3": {
      "mean": 27.688723754882812,
      "ci_low": 24.248323678970337,
      "ci_high": 31.216311073303224,
      "n_boot": 50
    },
    "4": {
      "mean": 25.746018676757814,
      "ci_low": 22.394343757629393,
      "ci_high": 28.96575598716736,
      "n_boot": 50
    },
    "5": {
      "mean": 24.58768424987793,
      "ci_low": 21.223755502700804,
      "ci_high": 28.19780035018921,
      "n_boot": 50
    },
    "6": {
      "mean": 23.6607230758667,
      "ci_low": 20.40136456489563,
      "ci_high": 26.82103862762451,
      "n_boot": 50
    },
    "7": {
      "mean": 22.567045745849608,
      "ci_low": 19.695436573028566,
      "ci_high": 26.132735919952392,
      "n_boot": 50
    },
    "8": {
      "mean": 21.463885917663575,
      "ci_low": 18.652354860305785,
      "ci_high": 25.106115579605103,
      "n_boot": 50
    },
    "9": {
      "mean": 20.272689399719237,
      "ci_low": 17.996443367004396,
      "ci_high": 23.44252290725708,
      "n_boot": 50
    },
    "10": {
      "mean": 18.833711471557617,
      "ci_low": 16.8374915599823,
      "ci_high": 21.51048493385315,
      "n_boot": 50
    },
    "11": {
      "mean": 17.70785982131958,
      "ci_low": 15.588035273551942,
      "ci_high": 19.704127407073976,
      "n_boot": 50
    }
  }
}