{
  "0": {
    "effective_rank": 23.61048126220703,
    "top1_var_frac": 0.5368661284446716,
    "top10_var_frac": 0.6502620577812195,
    "top50_var_frac": 0.7694694399833679,
    "top_sv": 377.974365234375,
    "sv_ratio_1_2": 4.661661624908447
  },
  "1": {
    "effective_rank": 13.994311332702637,
    "top1_var_frac": 0.627414345741272,
    "top10_var_frac": 0.7203660607337952,
    "top50_var_frac": 0.8193459510803223,
    "top_sv": 390.5345458984375,
    "sv_ratio_1_2": 5.750321388244629
  },
  "2": {
    "effective_rank": 10.940811157226562,
    "top1_var_frac": 0.6653968095779419,
    "top10_var_frac": 0.7537230849266052,
    "top50_var_frac": 0.8454650044441223,
    "top_sv": 400.9606628417969,
    "sv_ratio_1_2": 6.167468070983887
  },
  "3": {
    "effective_rank": 9.472658157348633,
    "top1_var_frac": 0.6831120252609253,
    "top10_var_frac": 0.7775858640670776,
    "top50_var_frac": 0.8652657270431519,
    "top_sv": 411.1922302246094,
    "sv_ratio_1_2": 5.8798441886901855
  },
  "4": {
    "effective_rank": 7.212697982788086,
    "top1_var_frac": 0.7213687300682068,
    "top10_var_frac": 0.8148506879806519,
    "top50_var_frac": 0.8932612538337708,
    "top_sv": 423.5998840332031,
    "sv_ratio_1_2": 5.758811950683594
  },
  "5": {
    "effective_rank": 6.39896297454834,
    "top1_var_frac": 0.737432599067688,
    "top10_var_frac": 0.8314675688743591,
    "top50_var_frac": 0.9053981900215149,
    "top_sv": 426.3802795410156,
    "sv_ratio_1_2": 5.655869960784912
  },
  "6": {
    "effective_rank": 5.685029983520508,
    "top1_var_frac": 0.7529090046882629,
    "top10_var_frac": 0.8473857045173645,
    "top50_var_frac": 0.9171640276908875,
    "top_sv": 436.4697265625,
    "sv_ratio_1_2": 5.568780422210693
  },
  "7": {
    "effective_rank": 5.016569137573242,
    "top1_var_frac": 0.7683587074279785,
    "top10_var_frac": 0.8647035956382751,
    "top50_var_frac": 0.9293310046195984,
    "top_sv": 447.3275451660156,
    "sv_ratio_1_2": 5.435988903045654
  },
  "8": {
    "effective_rank": 4.24716329574585,
    "top1_var_frac": 0.7902843356132507,
    "top10_var_frac": 0.8861333131790161,
    "top50_var_frac": 0.9431312680244446,
    "top_sv": 464.9536437988281,
    "sv_ratio_1_2": 5.2343268394470215
  },
  "9": {
    "effective_rank": 2.964130163192749,
    "top1_var_frac": 0.8464754223823547,
    "top10_var_frac": 0.9230072498321533,
    "top50_var_frac": 0.96324223279953,
    "top_sv": 490.9507141113281,
    "sv_ratio_1_2": 6.217833995819092
  },
  "10": {
    "effective_rank": 1.9634652137756348,
    "top1_var_frac": 0.9090877771377563,
    "top10_var_frac": 0.9588642716407776,
    "top50_var_frac": 0.981705367565155,
    "top_sv": 521.691650390625,
    "sv_ratio_1_2": 8.351070404052734
  },
  "11": {
    "effective_rank": 1.6441798210144043,
    "top1_var_frac": 0.9342323541641235,
    "top10_var_frac": 0.9731752872467041,
    "top50_var_frac": 0.9886521697044373,
    "top_sv": 474.8114013671875,
    "sv_ratio_1_2": 8.979355812072754
  },
  "null_shuffled_L11": {
    "effective_rank": 28.861162185668945,
    "top10_var_frac": 0.6712297797203064
  }
}