{
  "random_baseline": 0.1422524843577475,
  "by_count": {
    "0": {
      "mean_frac": 0.12221106085992985,
      "enrichment": 0.8591137189040864,
      "n_layers_observed": 12
    },
    "1": {
      "mean_frac": 0.17323735973023405,
      "enrichment": 1.2178160579224993,
      "n_layers_observed": 12
    },
    "2": {
      "mean_frac": 0.2544162227226281,
      "enrichment": 1.7884835113515667,
      "n_layers_observed": 12
    },
    "3": {
      "mean_frac": 0.3107690552145182,
      "enrichment": 2.184630072491193,
      "n_layers_observed": 12
    }
  },
  "layer_results": [
    {
      "layer": 0,
      "by_count": {
        "0": {
          "n_pairs": 14910,
          "n_string": 1737,
          "fraction_string": 0.1164989939637827
        },
        "1": {
          "n_pairs": 5733,
          "n_string": 1027,
          "fraction_string": 0.17913832199546487
        },
        "2": {
          "n_pairs": 1056,
          "n_string": 310,
          "fraction_string": 0.2935606060606061
        },
        "3": {
          "n_pairs": 37,
          "n_string": 18,
          "fraction_string": 0.4864864864864865
        }
      }
    },
    {
      "layer": 1,
      "by_count": {
        "0": {
          "n_pairs": 14925,
          "n_string": 1737,
          "fraction_string": 0.1163819095477387
        },
        "1": {
          "n_pairs": 5779,
          "n_string": 1056,
          "fraction_string": 0.18273057622426025
        },
        "2": {
          "n_pairs": 919,
          "n_string": 276,
          "fraction_string": 0.3003264417845484
        },
        "3": {
          "n_pairs": 113,
          "n_string": 23,
          "fraction_string": 0.20353982300884957
        }
      }
    },
    {
      "layer": 2,
      "by_count": {
        "0": {
          "n_pairs": 14891,
          "n_string": 1768,
          "fraction_string": 0.11872943388624001
        },
        "1": {
          "n_pairs": 5833,
          "n_string": 1071,
          "fraction_string": 0.18361049202811588
        },
        "2": {
          "n_pairs": 913,
          "n_string": 224,
          "fraction_string": 0.24534501642935377
        },
        "3": {
          "n_pairs": 99,
          "n_string": 29,
          "fraction_string": 0.29292929292929293
        }
      }
    },
    {
      "layer": 3,
      "by_count": {
        "0": {
          "n_pairs": 14903,
          "n_string": 1755,
          "fraction_string": 0.11776152452526337
        },
        "1": {
          "n_pairs": 5815,
          "n_string": 1006,
          "fraction_string": 0.17300085984522787
        },
        "2": {
          "n_pairs": 913,
          "n_string": 291,
          "fraction_string": 0.3187294633077766
        },
        "3": {
          "n_pairs": 105,
          "n_string": 40,
          "fraction_string": 0.38095238095238093
        }
      }
    },
    {
      "layer": 4,
      "by_count": {
        "0": {
          "n_pairs": 14877,
          "n_string": 1755,
          "fraction_string": 0.11796733212341198
        },
        "1": {
          "n_pairs": 5866,
          "n_string": 1019,
          "fraction_string": 0.1737129219229458
        },
        "2": {
          "n_pairs": 889,
          "n_string": 278,
          "fraction_string": 0.312710911136108
        },
        "3": {
          "n_pairs": 104,
          "n_string": 40,
          "fraction_string": 0.38461538461538464
        }
      }
    },
    {
      "layer": 5,
      "by_count": {
        "0": {
          "n_pairs": 14775,
          "n_string": 1726,
          "fraction_string": 0.11681895093062605
        },
        "1": {
          "n_pairs": 5998,
          "n_string": 1084,
          "fraction_string": 0.18072690896965654
        },
        "2": {
          "n_pairs": 931,
          "n_string": 266,
          "fraction_string": 0.2857142857142857
        },
        "3": {
          "n_pairs": 32,
          "n_string": 16,
          "fraction_string": 0.5
        }
      }
    },
    {
      "layer": 6,
      "by_count": {
        "0": {
          "n_pairs": 14855,
          "n_string": 1721,
          "fraction_string": 0.1158532480646247
        },
        "1": {
          "n_pairs": 5846,
          "n_string": 1046,
          "fraction_string": 0.17892576120424222
        },
        "2": {
          "n_pairs": 995,
          "n_string": 313,
          "fraction_string": 0.314572864321608
        },
        "3": {
          "n_pairs": 40,
          "n_string": 12,
          "fraction_string": 0.3
        }
      }
    },
    {
      "layer": 7,
      "by_count": {
        "0": {
          "n_pairs": 14925,
          "n_string": 1847,
          "fraction_string": 0.12375209380234506
        },
        "1": {
          "n_pairs": 5702,
          "n_string": 996,
          "fraction_string": 0.17467555243774113
        },
        "2": {
          "n_pairs": 1073,
          "n_string": 236,
          "fraction_string": 0.21994408201304752
        },
        "3": {
          "n_pairs": 36,
          "n_string": 13,
          "fraction_string": 0.3611111111111111
        }
      }
    },
    {
      "layer": 8,
      "by_count": {
        "0": {
          "n_pairs": 14837,
          "n_string": 1876,
          "fraction_string": 0.12644065511895936
        },
        "1": {
          "n_pairs": 5920,
          "n_string": 1008,
          "fraction_string": 0.17027027027027028
        },
        "2": {
          "n_pairs": 901,
          "n_string": 193,
          "fraction_string": 0.2142064372918979
        },
        "3": {
          "n_pairs": 78,
          "n_string": 15,
          "fraction_string": 0.19230769230769232
        }
      }
    },
    {
      "layer": 9,
      "by_count": {
        "0": {
          "n_pairs": 14917,
          "n_string": 1941,
          "fraction_string": 0.1301199973184957
        },
        "1": {
          "n_pairs": 5769,
          "n_string": 952,
          "fraction_string": 0.16501993413069857
        },
        "2": {
          "n_pairs": 963,
          "n_string": 179,
          "fraction_string": 0.18587746625129803
        },
        "3": {
          "n_pairs": 87,
          "n_string": 20,
          "fraction_string": 0.22988505747126436
        }
      }
    },
    {
      "layer": 10,
      "by_count": {
        "0": {
          "n_pairs": 14901,
          "n_string": 1996,
          "fraction_string": 0.13395074156096906
        },
        "1": {
          "n_pairs": 5776,
          "n_string": 913,
          "fraction_string": 0.15806786703601108
        },
        "2": {
          "n_pairs": 997,
          "n_string": 173,
          "fraction_string": 0.17352056168505517
        },
        "3": {
          "n_pairs": 62,
          "n_string": 10,
          "fraction_string": 0.16129032258064516
        }
      }
    },
    {
      "layer": 11,
      "by_count": {
        "0": {
          "n_pairs": 15001,
          "n_string": 1984,
          "fraction_string": 0.13225784947670155
        },
        "1": {
          "n_pairs": 5586,
          "n_string": 888,
          "fraction_string": 0.158968850698174
        },
        "2": {
          "n_pairs": 1077,
          "n_string": 203,
          "fraction_string": 0.18848653667595172
        },
        "3": {
          "n_pairs": 72,
          "n_string": 17,
          "fraction_string": 0.2361111111111111
        }
      }
    }
  ]
}