{
  "0": {
    "mitochondrion": {
      "or": 1.7494089834515367,
      "p": 0.24930568785219331,
      "emp_p": 0.21,
      "n_ann": 14,
      "pole": "bot",
      "a": 5
    },
    "ER_lumen": {
      "or": 6.954545454545454,
      "p": 0.001984637404178837,
      "emp_p": 0.005,
      "n_ann": 12,
      "pole": "top",
      "a": 8
    },
    "extracellular_vesicle": {
      "or": 1.3328173374613004,
      "p": 0.27319113941642287,
      "emp_p": 0.285,
      "n_ann": 48,
      "pole": "bot",
      "a": 14
    },
    "cytoskeleton": {
      "or": 1.216,
      "p": 0.5550700259626284,
      "emp_p": 0.59,
      "n_ann": 7,
      "pole": "bot",
      "a": 2
    },
    "plasma_membrane": {
      "or": 0.7586206896551724,
      "p": 0.8348673123937755,
      "emp_p": 0.865,
      "n_ann": 74,
      "pole": "bot",
      "a": 16
    },
    "nucleus": {
      "or": 1.6953125,
      "p": 0.06894576854567945,
      "emp_p": 0.08,
      "n_ann": 92,
      "pole": "bot",
      "a": 28
    },
    "secreted": {
      "or": 3.009259259259259,
      "p": 0.0018918023503887473,
      "emp_p": 0.0,
      "n_ann": 47,
      "pole": "top",
      "a": 20
    },
    "ribosome": {
      "or": null,
      "p": null,
      "emp_p": null,
      "n_ann": 0
    }
  },
  "1": {
    "mitochondrion": {
      "or": 2.4293478260869565,
      "p": 0.10195036174439852,
      "emp_p": 0.115,
      "n_ann": 14,
      "pole": "bot",
      "a": 6
    },
    "ER_lumen": {
      "or": 4.728888888888889,
      "p": 0.011471156183448964,
      "emp_p": 0.0,
      "n_ann": 12,
      "pole": "top",
      "a": 7
    },
    "extracellular_vesicle": {
      "or": 1.161904761904762,
      "p": 0.4096874565975988,
      "emp_p": 0.43,
      "n_ann": 48,
      "pole": "bot",
      "a": 13
    },
    "cytoskeleton": {
      "or": 2.3418367346938775,
      "p": 0.23852633518478863,
      "emp_p": 0.245,
      "n_ann": 7,
      "pole": "bot",
      "a": 3
    },
    "plasma_membrane": {
      "or": 0.8521303258145363,
      "p": 0.7370048396092337,
      "emp_p": 0.73,
      "n_ann": 74,
      "pole": "top",
      "a": 17
    },
    "nucleus": {
      "or": 1.6953125,
      "p": 0.06894576854567945,
      "emp_p": 0.105,
      "n_ann": 92,
      "pole": "bot",
      "a": 28
    },
    "secreted": {
      "or": 3.872,
      "p": 0.00015128963289307818,
      "emp_p": 0.0,
      "n_ann": 47,
      "pole": "top",
      "a": 22
    },
    "ribosome": {
      "or": null,
      "p": null,
      "emp_p": null,
      "n_ann": 0
    }
  },
  "2": {
    "mitochondrion": {
      "or": 3.3333333333333335,
      "p": 0.032228546371247294,
      "emp_p": 0.025,
      "n_ann": 14,
      "pole": "bot",
      "a": 7
    },
    "ER_lumen": {
      "or": 6.954545454545454,
      "p": 0.001984637404178837,
      "emp_p": 0.0,
      "n_ann": 12,
      "pole": "top",
      "a": 8
    },
    "extracellular_vesicle": {
      "or": 0.8701384311140409,
      "p": 0.7039169753926927,
      "emp_p": 0.68,
      "n_ann": 48,
      "pole": "bot",
      "a": 11
    },
    "cytoskeleton": {
      "or": 1.216,
      "p": 0.5550700259626284,
      "emp_p": 0.54,
      "n_ann": 7,
      "pole": "bot",
      "a": 2
    },
    "plasma_membrane": {
      "or": 0.7586206896551724,
      "p": 0.8348673123937755,
      "emp_p": 0.86,
      "n_ann": 74,
      "pole": "top",
      "a": 16
    },
    "nucleus": {
      "or": 2.5866666666666664,
      "p": 0.0027939580149728333,
      "emp_p": 0.02,
      "n_ann": 92,
      "pole": "bot",
      "a": 32
    },
    "secreted": {
      "or": 3.413151364764268,
      "p": 0.0005672793944190142,
      "emp_p": 0.0,
      "n_ann": 47,
      "pole": "top",
      "a": 21
    },
    "ribosome": {
      "or": null,
      "p": null,
      "emp_p": null,
      "n_ann": 0
    }
  },
  "3": {
    "mitochondrion": {
      "or": 3.3333333333333335,
      "p": 0.032228546371247294,
      "emp_p": 0.03,
      "n_ann": 14,
      "pole": "bot",
      "a": 7
    },
    "ER_lumen": {
      "or": 6.954545454545454,
      "p": 0.001984637404178837,
      "emp_p": 0.0,
      "n_ann": 12,
      "pole": "top",
      "a": 8
    },
    "extracellular_vesicle": {
      "or": 0.8701384311140409,
      "p": 0.7039169753926927,
      "emp_p": 0.72,
      "n_ann": 48,
      "pole": "top",
      "a": 11
    },
    "cytoskeleton": {
      "or": 0.4934640522875817,
      "p": 0.8695448037288483,
      "emp_p": 0.855,
      "n_ann": 7,
      "pole": "bot",
      "a": 1
    },
    "plasma_membrane": {
      "or": 0.7586206896551724,
      "p": 0.8348673123937755,
      "emp_p": 0.845,
      "n_ann": 74,
      "pole": "top",
      "a": 16
    },
    "nucleus": {
      "or": 2.5866666666666664,
      "p": 0.0027939580149728333,
      "emp_p": 0.005,
      "n_ann": 92,
      "pole": "bot",
      "a": 32
    },
    "secreted": {
      "or": 3.009259259259259,
      "p": 0.0018918023503887473,
      "emp_p": 0.005,
      "n_ann": 47,
      "pole": "top",
      "a": 20
    },
    "ribosome": {
      "or": null,
      "p": null,
      "emp_p": null,
      "n_ann": 0
    }
  },
  "4": {
    "mitochondrion": {
      "or": 2.4293478260869565,
      "p": 0.10195036174439852,
      "emp_p": 0.11,
      "n_ann": 14,
      "pole": "bot",
      "a": 6
    },
    "ER_lumen": {
      "or": 4.728888888888889,
      "p": 0.011471156183448964,
      "emp_p": 0.03,
      "n_ann": 12,
      "pole": "top",
      "a": 7
    },
    "extracellular_vesicle": {
      "or": 1.0083333333333333,
      "p": 0.5600229837151998,
      "emp_p": 0.515,
      "n_ann": 48,
      "pole": "top",
      "a": 12
    },
    "cytoskeleton": {
      "or": 1.216,
      "p": 0.5550700259626284,
      "emp_p": 0.62,
      "n_ann": 7,
      "pole": "bot",
      "a": 2
    },
    "plasma_membrane": {
      "or": 0.9548319327731093,
      "p": 0.6168066965656316,
      "emp_p": 0.64,
      "n_ann": 74,
      "pole": "top",
      "a": 18
    },
    "nucleus": {
      "or": 3.611971104231166,
      "p": 8.977074911090291e-05,
      "emp_p": 0.0,
      "n_ann": 92,
      "pole": "bot",
      "a": 35
    },
    "secreted": {
      "or": 3.009259259259259,
      "p": 0.0018918023503887473,
      "emp_p": 0.0,
      "n_ann": 47,
      "pole": "top",
      "a": 20
    },
    "ribosome": {
      "or": null,
      "p": null,
      "emp_p": null,
      "n_ann": 0
    }
  },
  "5": {
    "mitochondrion": {
      "or": 1.225,
      "p": 0.47647848226837686,
      "emp_p": 0.43,
      "n_ann": 14,
      "pole": "bot",
      "a": 4
    },
    "ER_lumen": {
      "or": 6.954545454545454,
      "p": 0.001984637404178837,
      "emp_p": 0.0,
      "n_ann": 12,
      "pole": "top",
      "a": 8
    },
    "extracellular_vesicle": {
      "or": 1.0083333333333333,
      "p": 0.5600229837151998,
      "emp_p": 0.53,
      "n_ann": 48,
      "pole": "top",
      "a": 12
    },
    "cytoskeleton": {
      "or": 0.4934640522875817,
      "p": 0.8695448037288483,
      "emp_p": 0.855,
      "n_ann": 7,
      "pole": "bot",
      "a": 1
    },
    "plasma_membrane": {
      "or": 1.0677685950413223,
      "p": 0.48490609405078744,
      "emp_p": 0.45,
      "n_ann": 74,
      "pole": "top",
      "a": 19
    },
    "nucleus": {
      "or": 3.2241379310344827,
      "p": 0.0003133517492629289,
      "emp_p": 0.0,
      "n_ann": 92,
      "pole": "bot",
      "a": 34
    },
    "secreted": {
      "or": 2.6525974025974026,
      "p": 0.005618814997056826,
      "emp_p": 0.005,
      "n_ann": 47,
      "pole": "top",
      "a": 19
    },
    "ribosome": {
      "or": null,
      "p": null,
      "emp_p": null,
      "n_ann": 0
    }
  },
  "6": {
    "mitochondrion": {
      "or": 0.8126159554730983,
      "p": 0.7243033489042137,
      "emp_p": 0.69,
      "n_ann": 14,
      "pole": "bot",
      "a": 3
    },
    "ER_lumen": {
      "or": 10.744186046511627,
      "p": 0.00024079204034241637,
      "emp_p": 0.0,
      "n_ann": 12,
      "pole": "top",
      "a": 9
    },