{
  "iter": "iter_0015",
  "H01_sv45_ppi_copole": {
    "SV4_mean_z": 2.2124481983865882,
    "SV4_sig_layers": 7,
    "SV5_mean_z": 1.6527445598824981,
    "SV5_sig_layers": 6
  },
  "H02_confidence_gradient": {
    "spearman_rho": 0.9999999999999999,
    "spearman_p": 1.4042654220543672e-24,
    "quintile_mean_z": [
      1.003,
      1.475,
      2.094,
      3.178,
      5.02
    ]
  },
  "H03_go_vs_ppi_driver": {
    "group_sizes": {
      "PPI-only": 670,
      "GO-only": 670,
      "Both": 878,
      "Neither": 874
    },
    "group_mean_z": {
      "PPI-only": 2.657,
      "GO-only": 1.886,
      "Both": 5.272,
      "Neither": 0.696
    }
  }
}