{
  "BCL6": {
    "L0": {
      "top20_neighbors": [
        "NAMPT",
        "FNDC3B",
        "VMP1",
        "RNF24",
        "GLUL",
        "STAT3",
        "CEBPD",
        "PHF21A",
        "YBX3",
        "IRS2",
        "ELF2",
        "PFKFB3",
        "RIOK3",
        "ZBTB16",
        "FOXO3",
        "NIBAN1",
        "IMMP2L",
        "ACSL1",
        "NUMB",
        "B4GALT5"
      ],
      "top20_dists": [
        14.168184280395508,
        14.233365058898926,
        14.309549331665039,
        14.327803611755371,
        14.344120979309082,
        14.365056037902832,
        14.376789093017578,
        14.383686065673828,
        14.431619644165039,
        14.48590087890625,
        14.50057315826416,
        14.509910583496094,
        14.51739501953125,
        14.543862342834473,
        14.550947189331055,
        14.582049369812012,
        14.58780288696289,
        14.588273048400879,
        14.598201751708984,
        14.598254203796387
      ],
      "n_bcell_in_top20": 0,
      "n_tcell_in_top20": 0,
      "n_myeloid_in_top20": 0,
      "n_gc_tf_in_top20": 0
    },
    "L3": {
      "top20_neighbors": [
        "NAMPT",
        "STAT3",
        "FNDC3B",
        "PFKFB3",
        "GLUL",
        "VMP1",
        "NIBAN1",
        "YBX3",
        "ETS2",
        "RNF24",
        "CEBPD",
        "ACSL1",
        "TRIB1",
        "PELI1",
        "IRS2",
        "ABCA1",
        "RIOK3",
        "ELF2",
        "ARHGAP26",
        "RIPOR2"
      ],
      "top20_dists": [
        11.228765487670898,
        11.311894416809082,
        11.353859901428223,
        11.483068466186523,
        11.502176284790039,
        11.50825023651123,
        11.532449722290039,
        11.56846809387207,
        11.65334701538086,
        11.660080909729004,
        11.667019844055176,
        11.688605308532715,
        11.69536018371582,
        11.712201118469238,
        11.77149772644043,
        11.772518157958984,
        11.778386116027832,
        11.796807289123535,
        11.808094024658203,
        11.822047233581543
      ],
      "n_bcell_in_top20": 0,
      "n_tcell_in_top20": 0,
      "n_myeloid_in_top20": 0,
      "n_gc_tf_in_top20": 0
    },
    "L6": {
      "top20_neighbors": [
        "GLUL",
        "NIBAN1",
        "NAMPT",
        "STAT3",
        "PFKFB3",
        "NFKBIZ",
        "FNDC3B",
        "TRIB1",
        "GADD45B",
        "SLC2A3",
        "LDLRAD4",
        "ZBTB16",
        "PELI1",
        "ACSL1",
        "ABCA1",
        "ETS2",
        "CEBPD",
        "IRS2",
        "RNF144B",
        "DOCK5"
      ],
      "top20_dists": [
        9.257368087768555,
        9.275040626525879,
        9.280450820922852,
        9.422656059265137,
        9.425981521606445,
        9.472208976745605,
        9.535399436950684,
        9.54355525970459,
        9.598011016845703,
        9.612259864807129,
        9.618622779846191,
        9.660688400268555,
        9.678813934326172,
        9.689571380615234,
        9.757477760314941,
        9.758200645446777,
        9.772598266601562,
        9.774291038513184,
        9.783793449401855,
        9.8279390335083
      ],
      "n_bcell_in_top20": 0,
      "n_tcell_in_top20": 0,
      "n_myeloid_in_top20": 0,
      "n_gc_tf_in_top20": 0
    },
    "L11": {
      "top20_neighbors": [
        "RNF144B",
        "NIBAN1",
        "FNDC3B",
        "ZBTB16",
        "PFKFB3",
        "RNF24",
        "ACSL1",
        "GAS7",
        "PTPRE",
        "DOCK5",
        "TRPS1",
        "LDLRAD4",
        "ANKRD28",
        "PLXNC1",
        "GAB2",
        "MCTP1",
        "CREB5",
        "PHACTR1",
        "MICAL2",
        "PTPRJ"
      ],
      "top20_dists": [
        3.484031915664673,
        3.4910621643066406,
        3.505380153656006,
        3.5196073055267334,
        3.5499956607818604,
        3.5500476360321045,
        3.5691728591918945,
        3.6302297115325928,
        3.6504664421081543,
        3.6680893898010254,
        3.680121421813965,
        3.71030330657959,
        3.7209560871124268,
        3.721151351928711,
        3.7241716384887695,
        3.724764347076416,
        3.72940731048584,
        3.747769355773926,
        3.753661870956421,
        3.757458448410034
      ],
      "n_bcell_in_top20": 0,
      "n_tcell_in_top20": 0,
      "n_myeloid_in_top20": 0,
      "n_gc_tf_in_top20": 0
    }
  },
  "PAX5": {
    "L0": {
      "top20_neighbors": [
        "FCRL1",
        "NIBAN3",
        "TNFRSF13C",
        "CD22",
        "VPREB3",
        "FCRL5",
        "FCER2",
        "MS4A1",
        "LINC00926",
        "PLEKHG7",
        "TMEM154",
        "POU2AF1",
        "IGHD",
        "IKZF3",
        "TCL1A",
        "IGHV4-4",
        "IGHG2",
        "IGHV3-43",
        "IGHG1",
        "BANK1"
      ],
      "top20_dists": [
        13.90729808807373,
        14.215804100036621,
        14.27241039276123,
        14.274798393249512,
        14.31818675994873,
        14.54573917388916,
        14.689889907836914,
        14.798871994018555,
        15.166350364685059,
        15.229479789733887,
        15.249992370605469,
        15.314908027648926,
        15.324057579040527,
        15.32723617553711,
        15.328678131103516,
        15.517905235290527,
        15.538352966308594,
        15.566655158996582,
        15.570103645324707,
        15.58339786529541
      ],
      "n_bcell_in_top20": 1,
      "n_tcell_in_top20": 0,
      "n_myeloid_in_top20": 0,
      "n_gc_tf_in_top20": 0
    },
    "L3": {
      "top20_neighbors": [
        "FCRL1",
        "FCER2",
        "NIBAN3",
        "CD22",
        "VPREB3",
        "TNFRSF13C",
        "POU2AF1",
        "BLK",
        "LINC00926",
        "FCRL5",
        "IGHV5-78",
        "IGHE",
        "BANK1",
        "TCL1A",
        "IGHD",
        "MS4A1",
        "FAM30A",
        "RUBCNL",
        "TMEM156",
        "TCL6"
      ],
      "top20_dists": [
        9.600187301635742,
        10.483556747436523,
        10.528297424316406,
        10.587705612182617,
        10.59898853302002,
        10.9454984664917,
        11.078495979309082,
        11.08449935913086,
        11.169919967651367,
        11.204405784606934,
        11.265392303466797,
        11.372730255126953,
        11.429454803466797,
        11.553475379943848,
        11.563766479492188,
        11.806641578674316,
        11.98631477355957,
        12.028471946716309,
        12.046012878417969,
        12.1748628616333
      ],
      "n_bcell_in_top20": 2,
      "n_tcell_in_top20": 0,
      "n_myeloid_in_top20": 0,
      "n_gc_tf_in_top20": 0
    },
    "L6": {
      "top20_neighbors": [
        "FCRL1",
        "NIBAN3",
        "FCER2",
        "CD22",
        "IGHV5-78",
        "BLK",
        "POU2AF1",
        "VPREB3",
        "TNFRSF13C",
        "LINC00926",
        "MS4A1",
        "BANK1",
        "IGHD",
        "TCL1A",
        "LINC01781",
        "IGHE",
        "TMEM156",
        "ADAM28",
        "FCRL5",
        "FAM30A"
      ],
      "top20_dists": [
        7.427556037902832,
        8.346722602844238,
        8.359519004821777,
        8.48690128326416,
        8.630765914916992,
        8.680764198303223,
        8.773815155029297,
        8.779698371887207,
        8.855481147766113,
        8.940682411193848,
        9.10288143157959,
        9.170089721679688,
        9.407270431518555,
        9.529791831970215,
        9.56446647644043,
        9.625737190246582,
        9.62592601776123,
        9.632683753967285,
        9.647163391113281,
        9.657198905944824
      ],
      "n_bcell_in_top20": 2,
      "n_tcell_in_top20": 0,
      "n_myeloid_in_top20": 0,
      "n_gc_tf_in_top20": 0
    },