{
  "iteration": "iter_0041",
  "h03_twonn": {
    "bcell_id_by_layer": [
      8.162202160145716,
      8.248790637223886,
      8.929327235612575,
      7.851992620717953,
      6.641292470014557,
      6.44393726543425,
      5.8821815759040685,
      6.171385663033921,
      6.133761556649144,
      5.764201131365286,
      5.360109105304662,
      5.089542633263739
    ],
    "tcell_id_by_layer": [
      11.039078117140365,
      10.841495968179398,
      10.962688380356504,
      10.841893042216116,
      11.694322602452052,
      11.890490482001173,
      10.120078196600428,
      9.845761086558559,
      9.745165323988834,
      11.682010974976794,
      13.567792533110895,
      13.489794913468222
    ],
    "myeloid_id_by_layer": [
      4.397985065514214,
      4.302048683801428,
      4.374708484336406,
      4.271072988182481,
      4.274126282969427,
      4.310787146291245,
      4.337056183982181,
      4.450903714517832,
      4.7414584561494495,
      4.658462111123141,
      4.692715036571162,
      4.676265517661479
    ],
    "panel_id_by_layer": [
      9.112017167576411,
      8.847028538983679,
      8.952961087712975,
      8.419475038738849,
      8.496400179700688,
      8.351448231829687,
      8.027435094746952,
      8.19332708986614,
      8.58385743206696,
      9.151119939451826,
      9.19003171901863,
      9.159204758712479
    ]
  }
}