{
  "sv1_consecutive_cosine": [
    0.9640641808509827,
    0.8925457000732422,
    0.9606122970581055,
    0.9559051990509033,
    0.991047739982605,
    0.9883706569671631,
    0.9892232418060303,
    0.983896791934967,
    0.9732133746147156,
    0.8944199085235596,
    0.7929912805557251
  ],
  "sv1_vs_l0_cosine": [
    1.0,
    0.9640641808509827,
    0.7731640338897705,
    0.5974081754684448,
    0.7542614936828613,
    0.7745218276977539,
    0.7604798674583435,
    0.8071033954620361,
    0.8248951435089111,
    0.8141502141952515,
    0.7242664694786072,
    0.3590312600135803
  ],
  "null_mean": 0.01792457785219581,
  "null_std": 0.013611353307945967,
  "observed_mean": 0.9442082155834545,
  "z_score": 68.05228082578074,
  "p_value": 0.0
}