{
  "status": "tested",
  "source": "dorothea_195_invocab_oov_corrected",
  "n_high_conf": 205,
  "n_low_conf": 693,
  "n_rand": 5000,
  "auroc_high_per_layer": [
    0.5642624390243902,
    0.5664165853658537,
    0.5706526829268292,
    0.5459287804878049,
    0.5465824390243903,
    0.5365560975609757,
    0.5132780487804878,
    0.5011560975609756,
    0.49997853658536584,
    0.5093043902439024,
    0.5102351219512196,
    0.5054136585365854
  ],
  "auroc_low_per_layer": [
    0.5126212121212121,
    0.5040688311688312,
    0.499210101010101,
    0.4880515151515151,
    0.4999141414141414,
    0.49742958152958155,
    0.49215353535353534,
    0.499110101010101,
    0.5012818181818182,
    0.511081240981241,
    0.5094378066378067,
    0.5081265512265513
  ],
  "mean_auroc_high": 0.5308137398373983,
  "mean_auroc_low": 0.5018738696488697,
  "spearman_rho_high": -0.8531468531468532,
  "spearman_p_high": 0.0004181179404149969,
  "spearman_rho_low": 0.17482517482517487,
  "spearman_p_low": 0.5868236643627043
}