{
  "bcell_ids_by_layer": [
    74.8504783073687,
    74.90904390595966,
    79.53289293563667,
    66.82748644962156,
    57.55636417542431,
    52.55101368810603,
    49.387875523944366,
    51.03489604618175,
    51.47297880659024,
    46.227651818670395,
    44.17859428579696,
    42.14314520184955
  ],
  "tcell_ids_by_layer": [
    50.778502783750525,
    51.93596423089281,
    53.23822421469753,
    52.71535975007531,
    57.11864767880897,
    57.134119624540254,
    51.24094077519163,
    48.94508623510352,
    45.09452254904282,
    59.6353821673034,
    63.781456655956035,
    67.2214119689686
  ],
  "myeloid_ids_by_layer": [
    23.015194086166456,
    22.789007799824795,
    23.306947394225425,
    23.74123594258625,
    24.64535700272829,
    24.699234468127145,
    24.950501610349967,
    24.676321864336607,
    24.49055957864998,
    25.055712282048667,
    26.14654513110182,
    26.452804791159235
  ],
  "bcell_best_breakpoint": 3,
  "tcell_best_breakpoint": 7,
  "myeloid_best_breakpoint": 7,
  "bcell_slope_pre": 2.3412073141339986,
  "bcell_slope_post": -2.4905382519365937,
  "bcell_slope_change": -4.831745566070593,
  "tcell_slope_pre": 0.5594302937760602,
  "tcell_slope_post": 5.523958557464344,
  "tcell_slope_change": 4.964528263688284,
  "myeloid_slope_pre": 0.39159948277350454,
  "myeloid_slope_post": 0.5208951406097112,
  "myeloid_slope_change": 0.12929565783620667,
  "null_slope_change_mean": -1.9815152486982284,
  "null_slope_change_std": 12.281294056606983,
  "null_pval_bcell_slope_change": 0.386,
  "n_null_permutations": 500
}