{
  "L0_pairwise": {
    "genes": [
      "PAX5",
      "BATF",
      "BACH2",
      "BCL6",
      "PRDM1"
    ],
    "distances": [
      [
        0.0,
        18.32247909969863,
        17.414053601593317,
        17.25436582850054,
        18.047096771086224
      ],
      [
        18.32247909969863,
        0.0,
        18.66300235829261,
        17.782671062696178,
        17.602934589596835
      ],
      [
        17.414053601593317,
        18.66300235829261,
        0.0,
        16.56843735131714,
        16.796331633577182
      ],
      [
        17.25436582850054,
        17.782671062696178,
        16.56843735131714,
        0.0,
        16.021696523856075
      ],
      [
        18.047096771086224,
        17.602934589596835,
        16.796331633577182,
        16.021696523856075,
        0.0
      ]
    ]
  },
  "L3_pairwise": {
    "genes": [
      "PAX5",
      "BATF",
      "BACH2",
      "BCL6",
      "PRDM1"
    ],
    "distances": [
      [
        0.0,
        15.154985200748106,
        13.976139355545609,
        14.949927298416895,
        15.052526483455404
      ],
      [
        15.154985200748106,
        0.0,
        14.251973014688156,
        14.128034866703336,
        13.67892224655405
      ],
      [
        13.976139355545609,
        14.251973014688156,
        0.0,
        13.169328886020969,
        13.057410146321518
      ],
      [
        14.949927298416895,
        14.128034866703336,
        13.169328886020969,
        0.0,
        12.824040614643732
      ],
      [
        15.052526483455404,
        13.67892224655405,
        13.057410146321518,
        12.824040614643732,
        0.0
      ]
    ]
  },
  "L6_pairwise": {
    "genes": [
      "PAX5",
      "BATF",
      "BACH2",
      "BCL6",
      "PRDM1"
    ],
    "distances": [
      [
        0.0,
        12.593014390389452,
        12.389372050264209,
        13.213683491006432,
        12.545931086479076
      ],
      [
        12.593014390389452,
        0.0,
        11.42250380003551,
        11.266266809271409,
        10.507598190431228
      ],
      [
        12.389372050264209,
        11.42250380003551,
        0.0,
        10.743879750114846,
        10.150478766072874
      ],
      [
        13.213683491006432,
        11.266266809271409,
        10.743879750114846,
        0.0,
        9.843647121798318
      ],
      [
        12.545931086479076,
        10.507598190431228,
        10.150478766072874,
        9.843647121798318,
        0.0
      ]
    ]
  },
  "L11_pairwise": {
    "genes": [
      "PAX5",
      "BATF",
      "BACH2",
      "BCL6",
      "PRDM1"
    ],
    "distances": [
      [
        0.0,
        5.130509390016031,
        5.14598337516708,
        5.946529218275964,
        5.093846362680404
      ],
      [
        5.130509390016031,
        0.0,
        4.525824001415575,
        4.961648082777663,
        4.232487053836498
      ],
      [
        5.14598337516708,
        4.525824001415575,
        0.0,
        4.70686660191858,
        3.9396693681744517
      ],
      [
        5.946529218275964,
        4.961648082777663,
        4.70686660191858,
        0.0,
        4.103999976817318
      ],
      [
        5.093846362680404,
        4.232487053836498,
        3.9396693681744517,
        4.103999976817318,
        0.0
      ]
    ]
  },
  "trajectories": {
    "PAX5": {
      "dists_to_b_centroid": [
        9.769445419311523,
        8.3875093460083,
        7.748894214630127,
        7.399482727050781,
        6.678131580352783,
        6.264806270599365,
        5.758620262145996,
        5.302923202514648,
        5.101644515991211,
        4.449718952178955,
        3.358365774154663,
        2.3945887088775635
      ],
      "ranks_to_b_centroid": [
        2,
        3,
        4,
        3,
        3,
        3,
        2,
        1,
        1,
        2,
        2,
        3
      ]
    },
    "BATF": {
      "dists_to_b_centroid": [
        15.912252426147461,
        13.550614356994629,
        13.000140190124512,
        12.90020751953125,
        11.625388145446777,
        10.973058700561523,
        10.4982328414917,
        9.81014347076416,
        9.363563537597656,
        7.818039417266846,
        5.747597694396973,
        4.086884021759033
      ],
      "ranks_to_b_centroid": [
        1495,
        1335,
        1254,
        1036,
        514,
        322,
        325,
        282,
        303,
        290,
        199,
        142
      ]
    },
    "BACH2": {
      "dists_to_b_centroid": [
        14.912578582763672,
        12.650208473205566,
        11.846648216247559,
        11.816991806030273,
        11.477106094360352,
        11.196732521057129,
        10.509929656982422,
        10.070058822631836,
        9.324518203735352,
        7.565609931945801,
        5.738792896270752,
        4.0817975997924805
      ],
      "ranks_to_b_centroid": [
        508,
        426,
        236,
        217,
        403,
        441,
        330,
        363,
        286,
        178,
        196,
        140
      ]
    },
    "BCL6": {
      "dists_to_b_centroid": [
        15.063597679138184,
        13.009180068969727,
        13.044209480285645,
        12.931827545166016,
        12.238506317138672,
        11.868839263916016,
        11.295217514038086,
        10.960700035095215,
        10.161571502685547,
        8.525402069091797,
        6.513203144073486,
        4.962925434112549
      ],
      "ranks_to_b_centroid": [
        654,
        772,
        1311,
        1077,
        1164,
        1096,
        929,
        1011,
        790,
        750,
        770,
        927
      ]
    },
    "PRDM1": {
      "dists_to_b_centroid": [
        15.634554862976074,
        13.392791748046875,
        12.984679222106934,
        12.735941886901855,
        11.319449424743652,
        11.105222702026367,
        10.502321243286133,
        9.918553352355957,
        9.197750091552734,
        7.541775226593018,
        5.553930282592773,
        4.0075507164001465
      ],
      "ranks_to_b_centroid": [
        1253,
        1184,
        1240,
        855,
        303,
        390,
        327,
        315,
        235,
        171,
        125,
        111
      ]
    }
  },
  "null_rho_mean": 0.2751748251748252,
  "null_rho_std": 0.9305989215446615,
  "gene_rhos": {
    "PAX5": {
      "rho": -1.0,
      "pval": 0.0
    },
    "BATF": {
      "rho": -1.0,
      "pval": 0.0
    },
    "BACH2": {
      "rho": -1.0,
      "pval": 0.0
    },
    "BCL6": {
      "rho": -0.9930069930069931,
      "pval": 1.3016730560634403e-10
    },
    "PRDM1": {
      "rho": -1.0,
      "pval": 0.0
    }
  }
}