{
  "BCL6": {
    "dists_to_b_centroid": [
      15.063597679138184,
      13.009180068969727,
      13.044209480285645,
      12.931827545166016,
      12.238506317138672,
      11.868839263916016,
      11.295217514038086,
      10.960700035095215,
      10.161571502685547,
      8.525402069091797,
      6.513203144073486,
      4.962925434112549
    ],
    "ranks_to_b_centroid": [
      654,
      772,
      1311,
      1077,
      1164,
      1096,
      929,
      1011,
      790,
      750,
      770,
      927
    ],
    "rho": -0.9930069930069931,
    "pval": 1.3016730560634403e-10
  },
  "null_rho_mean": 0.08146853146853149,
  "null_rho_std": 0.9691719247719921
}