{
  "hypothesis": "H01_PC1_L11_identity",
  "pc1_ev_ratio": 0.67619788646698,
  "pc1_top5_ev": [
    0.67619788646698,
    0.08393269777297974,
    0.05156003683805466,
    0.024272961542010307,
    0.014364894479513168
  ],
  "tf_vs_nontf": {
    "n_tf": 69,
    "n_nontf": 140,
    "auroc": 0.49244306418219463,
    "p_value": 0.8600126347667542,
    "mean_tf": -0.4317995309829712,
    "mean_nontf": 0.21281589567661285
  },
  "hla_vs_nonhla": {
    "n_hla": 6,
    "auroc": 0.43349753694581283,
    "p_value": 0.5813147757841488,
    "mean_hla": -5.75462532043457,
    "mean_nonhla": 0.17008769512176514
  },
  "ap1_vs_nonap1": {
    "n_ap1": 4,
    "auroc": 0.3804878048780488,
    "p_value": 0.41562432816616834,
    "mean_ap1": -9.374879837036133,
    "mean_nonap1": 0.18292473256587982
  },
  "hub_degree_spearman": {
    "rho": -0.05096938728492812,
    "p_value": 0.6774690423787151,
    "n": 69
  },
  "top20_pc1_genes": [
    [
      "PBK",
      1.6384207010269165
    ],
    [
      "COL1A1",
      1.636731743812561
    ],
    [
      "TLR10",
      1.6251170635223389
    ],
    [
      "ITGB2",
      1.624374508857727
    ],
    [
      "NEAT1",
      1.6203038692474365
    ],
    [
      "ALDH1A1",
      1.612452745437622
    ],
    [
      "LCK",
      1.607069492340088
    ],
    [
      "BIRC3",
      1.6065837144851685
    ],
    [
      "POU1F1",
      1.6061134338378906
    ],
    [
      "JUN",
      1.5995922088623047
    ],
    [
      "ALOX5AP",
      1.5956909656524658
    ],
    [
      "HLA-DRB1",
      1.595225214958191
    ],
    [
      "PRKCQ",
      1.593384861946106
    ],
    [
      "HIPK2",
      1.5914596319198608
    ],
    [
      "IFNG",
      1.5904879570007324
    ],
    [
      "PRDM1",
      1.5847526788711548
    ],
    [
      "SERPINB2",
      1.577157735824585
    ],
    [
      "IL2",
      1.575652837753296
    ],
    [
      "IL2RB",
      1.5743755102157593
    ],
    [
      "ETS1",
      1.5707281827926636
    ]
  ],
  "bottom20_pc1_genes": [
    [
      "PAX5",
      -20.294893264770508
    ],
    [
      "PTGS2",
      -20.294893264770508
    ],
    [
      "NR4A3",
      -20.294893264770508
    ],
    [
      "TNF",
      -20.294893264770508
    ],
    [
      "HLA-DPB1",
      -20.294893264770508
    ],
    [
      "TBXAS1",
      -20.294893264770508
    ],
    [
      "KLF6",
      -20.294893264770508
    ],
    [
      "HLA-A",
      -20.294893264770508
    ],
    [
      "NCOA3",
      -20.294893264770508
    ],
    [
      "FOS",
      -20.294893264770508
    ],
    [
      "LDHA",
      -20.294893264770508
    ],
    [
      "JUNB",
      -20.294893264770508
    ],
    [
      "NCAM1",
      -20.294893264770508
    ],
    [
      "LGALS1",
      -20.294893264770508
    ],
    [
      "BIRC5",
      0.5403327345848083
    ],
    [
      "MECOM",
      0.7248931527137756
    ],
    [
      "ZEB2",
      0.7811399698257446
    ],
    [
      "IRF4",
      0.8589329123497009
    ],
    [
      "EPCAM",
      0.9213715195655823
    ],
    [
      "CXCL8",
      0.9793003797531128
    ]
  ],
  "tf_auroc_per_layer": [
    {
      "layer": 0,
      "auroc": 0.45900621118012425,
      "pval": 0.3360175870165759
    },
    {
      "layer": 1,
      "auroc": 0.4538302277432712,
      "pval": 0.2785022697450149
    },
    {
      "layer": 2,
      "auroc": 0.46024844720496894,
      "pval": 0.3508853189193919
    },
    {
      "layer": 3,
      "auroc": 0.5332298136645963,
      "pval": 0.4356120216606796
    },
    {
      "layer": 4,
      "auroc": 0.5259834368530021,
      "pval": 0.542294077520393
    },
    {
      "layer": 5,
      "auroc": 0.5074534161490684,
      "pval": 0.8619239679473113
    },
    {
      "layer": 6,
      "auroc": 0.5020703933747412,
      "pval": 0.9621671381239351
    },
    {
      "layer": 7,
      "auroc": 0.4829192546583851,
      "pval": 0.6890457407479291
    },
    {
      "layer": 8,
      "auroc": 0.48022774327122153,
      "pval": 0.6430805010237874
    },
    {
      "layer": 9,
      "auroc": 0.4805383022774327,
      "pval": 0.6483191588578565
    },
    {
      "layer": 10,
      "auroc": 0.4681159420289855,
      "pval": 0.45445924251991554
    },
    {
      "layer": 11,
      "auroc": 0.49244306418219463,
      "pval": 0.8600126347667542
    }
  ]
}