{
  "sv57_L0_auroc_mean": 0.6937643751597239,
  "sv57_L0_auroc_std": 0.016632434602536154,
  "sv57_L0_auroc_folds": [
    0.7126245847176079,
    0.7142857142857143,
    0.6877076411960132,
    0.6797853309481217,
    0.6744186046511629
  ],
  "null_auroc_mean": 0.4935295169946333,
  "null_auroc_std": 0.05092626318815932,
  "p_vs_null": 0.0,
  "sv24_L0_auroc_mean": 0.6637873754152824,
  "sv24_L0_auroc_std": 0.13200481448915594,
  "sv57_L8_auroc_mean": 0.4989010989010988,
  "sv57_L8_auroc_std": 0.07490078685357571,
  "n_tf": 68,
  "n_target_only": 215
}