regulation,SV5-7,SV2-4
Activation,0.5989437585733881,0.4656652949245542
Repression,0.6201901312811227,0.5497208389920023
