{
  "hypothesis": "H01",
  "n_string_pairs": 3092,
  "quintile_edges": [
    0.4,
    0.459,
    0.533,
    0.64,
    0.7958000000000002,
    0.999
  ],
  "per_layer": [
    {
      "layer": 0,
      "quintile_means": [
        0.7981380224227905,
        0.7973029017448425,
        0.7968975901603699,
        0.7978460192680359,
        0.765733540058136
      ],
      "quintile_ns": [
        617,
        619,
        618,
        619,
        619
      ],
      "spearman_rho": -0.7,
      "spearman_p": 0.18812040437418728,
      "high_vs_low_mw_p": 7.496079409189102e-10,
      "high_confidence_mean_dist": 0.765733540058136,
      "low_confidence_mean_dist": 0.7981380224227905,
      "effect_high_minus_low": -0.03240448236465454
    },
    {
      "layer": 1,
      "quintile_means": [
        0.7208741307258606,
        0.723020613193512,
        0.7228235006332397,
        0.7273712158203125,
        0.6952667236328125
      ],
      "quintile_ns": [
        617,
        619,
        618,
        619,
        619
      ],
      "spearman_rho": -0.09999999999999999,
      "spearman_p": 0.8728885715695383,
      "high_vs_low_mw_p": 1.1261755905931767e-08,
      "high_confidence_mean_dist": 0.6952667236328125,
      "low_confidence_mean_dist": 0.7208741307258606,
      "effect_high_minus_low": -0.025607407093048096
    },
    {
      "layer": 2,
      "quintile_means": [
        0.6784753799438477,
        0.6824162602424622,
        0.6815354228019714,
        0.6883438229560852,
        0.6558880805969238
      ],
      "quintile_ns": [
        617,
        619,
        618,
        619,
        619
      ],
      "spearman_rho": -0.09999999999999999,
      "spearman_p": 0.8728885715695383,
      "high_vs_low_mw_p": 9.53817639062501e-08,
      "high_confidence_mean_dist": 0.6558880805969238,
      "low_confidence_mean_dist": 0.6784753799438477,
      "effect_high_minus_low": -0.022587299346923828
    },
    {
      "layer": 3,
      "quintile_means": [
        0.6611440777778625,
        0.6658055782318115,
        0.6635358929634094,
        0.6716176271438599,
        0.6373559236526489
      ],
      "quintile_ns": [
        617,
        619,
        618,
        619,
        619
      ],
      "spearman_rho": -0.09999999999999999,
      "spearman_p": 0.8728885715695383,
      "high_vs_low_mw_p": 4.4920240586352255e-09,
      "high_confidence_mean_dist": 0.6373559236526489,
      "low_confidence_mean_dist": 0.6611440777778625,
      "effect_high_minus_low": -0.023788154125213623
    },
    {
      "layer": 4,
      "quintile_means": [
        0.6118861436843872,
        0.6186735033988953,
        0.6159796714782715,
        0.6270818114280701,
        0.5911389589309692
      ],
      "quintile_ns": [
        617,
        619,
        618,
        619,
        619
      ],
      "spearman_rho": -0.09999999999999999,
      "spearman_p": 0.8728885715695383,
      "high_vs_low_mw_p": 2.5502026481405446e-08,
      "high_confidence_mean_dist": 0.5911389589309692,
      "low_confidence_mean_dist": 0.6118861436843872,
      "effect_high_minus_low": -0.02074718475341797
    },
    {
      "layer": 5,
      "quintile_means": [
        0.5911241769790649,
        0.5979966521263123,
        0.5952040553092957,
        0.6065071225166321,
        0.5698873400688171
      ],
      "quintile_ns": [
        617,
        619,
        618,
        619,
        619
      ],
      "spearman_rho": -0.09999999999999999,
      "spearman_p": 0.8728885715695383,
      "high_vs_low_mw_p": 3.4952412710391954e-09,
      "high_confidence_mean_dist": 0.5698873400688171,
      "low_confidence_mean_dist": 0.5911241769790649,
      "effect_high_minus_low": -0.021236836910247803
    },
    {
      "layer": 6,
      "quintile_means": [
        0.5702635049819946,
        0.5781401991844177,
        0.5737563371658325,
        0.586060643196106,
        0.5487933158874512
      ],
      "quintile_ns": [
        617,
        619,
        618,
        619,
        619
      ],
      "spearman_rho": -0.09999999999999999,
      "spearman_p": 0.8728885715695383,
      "high_vs_low_mw_p": 3.8285139662064605e-09,
      "high_confidence_mean_dist": 0.5487933158874512,
      "low_confidence_mean_dist": 0.5702635049819946,
      "effect_high_minus_low": -0.021470189094543457
    },
    {
      "layer": 7,
      "quintile_means": [
        0.5457989573478699,
        0.5543414950370789,
        0.5497578382492065,
        0.5627744793891907,
        0.5248257517814636
      ],
      "quintile_ns": [
        617,
        619,
        618,
        619,
        619
      ],
      "spearman_rho": -0.09999999999999999,
      "spearman_p": 0.8728885715695383,
      "high_vs_low_mw_p": 4.691331039859518e-09,
      "high_confidence_mean_dist": 0.5248257517814636,
      "low_confidence_mean_dist": 0.5457989573478699,
      "effect_high_minus_low": -0.02097320556640625
    },
    {
      "layer": 8,
      "quintile_means": [
        0.5194419026374817,
        0.5288004875183105,
        0.5237825512886047,
        0.5379513502120972,
        0.49913012981414795
      ],
      "quintile_ns": [
        617,
        619,
        618,
        619,
        619
      ],
      "spearman_rho": -0.09999999999999999,
      "spearman_p": 0.8728885715695383,
      "high_vs_low_mw_p": 2.2233770794067688e-08,
      "high_confidence_mean_dist": 0.49913012981414795,
      "low_confidence_mean_dist": 0.5194419026374817,
      "effect_high_minus_low": -0.02031177282333374
    },
    {
      "layer": 9,
      "quintile_means": [
        0.4537062644958496,
        0.46626466512680054,
        0.46009570360183716,
        0.4781021773815155,
        0.4387497007846832
      ],
      "quintile_ns": [
        617,
        619,
        618,
        619,
        619
      ],
      "spearman_rho": -0.09999999999999999,
      "spearman_p": 0.8728885715695383,
      "high_vs_low_mw_p": 1.8921831073873947e-07,
      "high_confidence_mean_dist": 0.4387497007846832,
      "low_confidence_mean_dist": 0.4537062644958496,
      "effect_high_minus_low": -0.014956563711166382
    },
    {
      "layer": 10,
      "quintile_means": [
        0.3681870698928833,
        0.3845936059951782,
        0.3773089051246643,
        0.4001716375350952,
        0.3594576120376587
      ],
      "quintile_ns": [
        617,
        619,
        618,
        619,
        619
      ],
      "spearman_rho": -0.09999999999999999,
      "spearman_p": 0.8728885715695383,
      "high_vs_low_mw_p": 1.7666920389392173e-06,
      "high_confidence_mean_dist": 0.3594576120376587,
      "low_confidence_mean_dist": 0.3681870698928833,
      "effect_high_minus_low": -0.00872945785522461
    },
    {
      "layer": 11,
      "quintile_means": [
        0.32402724027633667,
        0.3421700894832611,
        0.33417627215385437,
        0.3591107726097107,
        0.3175913393497467
      ],
      "quintile_ns": [
        617,
        619,
        618,
        619,
        619
      ],
      "spearman_rho": -0.09999999999999999,
      "spearman_p": 0.8728885715695383,
      "high_vs_low_mw_p": 1.8154039931470352e-06,
      "high_confidence_mean_dist": 0.3175913393497467,
      "low_confidence_mean_dist": 0.32402724027633667,
      "effect_high_minus_low": -0.006435900926589966
    }
  ],
  "summary": {
    "mean_spearman_rho": -0.15000000000000002,
    "n_layers_negative_rho": 12,
    "n_layers_spearman_p05": 0,
    "direction": "negative rho = high confidence pairs are closer (expected direction)"
  }
}