{
  "hypothesis": "H03",
  "h1_trajectory": {
    "h1_mean_lifetimes_by_layer": [
      0.012694529124668666,
      0.011706070568328513,
      0.012571963538294253,
      0.011402271385115336,
      0.010936761513734475,
      0.010798618430271745,
      0.011905019818726232,
      0.010368829965591431,
      0.010040848501144893,
      0.00884594880374132,
      0.006051034412600778,
      0.004725105120140372
    ],
    "h0_mean_lifetimes_by_layer": [
      0.6668487762516844,
      0.5997782314495382,
      0.561161526500515,
      0.5408942154221082,
      0.4958149889928161,
      0.47489908574187634,
      0.45490133167438146,
      0.4299283025144317,
      0.4027621254586288,
      0.34801356778315007,
      0.27910123834282363,
      0.24203809192434933
    ],
    "h1_spearman_rho": -0.9160839160839163,
    "h1_spearman_p": 2.8428045348547155e-05,
    "h0_spearman_rho": -1.0,
    "h0_spearman_p": 0.0
  },
  "bootstrap_enrichment": {
    "n_bootstrap": 500,
    "observed_enrichment": 1.3269751568067614,
    "boot_mean": 1.325591684215729,
    "boot_ci_lo": 1.2293952432744615,
    "boot_ci_hi": 1.409497296534115,
    "ci_excludes_null": true,
    "layer": 8
  },
  "layer_stratified_enrichment": [
    1.522399261189194,
    1.5494152123980254,
    1.5891973443966736,
    1.5849292454702022,
    1.549109969054369,
    1.5370523662350304,
    1.3914937628243715,
    1.5192179802344472,
    1.3269751568067614,
    1.2540575189573757,
    1.2593864107983412,
    1.3380683490266312
  ],
  "enrichment_vs_layer_spearman_rho": -0.8181818181818183,
  "enrichment_vs_layer_spearman_p": 0.0011431050868040604
}