{
  "iteration": "iter_0005",
  "H01_go_clustering": {
    "n_terms": 80,
    "mean_z": -1.1090673846749488,
    "n_sig_layers_z_lt_neg1p96": 0,
    "z_range": [
      -1.8219299251988423,
      -0.4852343351449961
    ],
    "z_by_layer": [
      -1.8219299251988423,
      -1.511326304739205,
      -1.1539850463248236,
      -1.4081049717834753,
      -1.0214931483533205,
      -0.5653258480234208,
      -0.9927676905441097,
      -1.232482663548321,
      -1.540074167083198,
      -0.9238138830360161,
      -0.6522706323196575,
      -0.4852343351449961
    ]
  },
  "H02_residual_drift_enrichment": {
    "n_go_terms_tested": 187,
    "n_sig_p05": 7,
    "n_sig_fdr": 0,
    "drift_mean": 24.805158615112305,
    "drift_std": 8.519346237182617,
    "top_hit_term": "GO:0006357",
    "top_hit_or": 3.5793650793650795,
    "top_hit_p": 0.0044447539968346
  },
  "H03_effective_rank": {
    "er_range": [
      1.2788589000701904,
      7.891773700714111
    ],
    "er_layer0": 7.891773700714111,
    "er_layer11": 1.2788589000701904,
    "er_monotone_decrease": true,
    "pearson_r_vs_twonn": 0.793130662345879,
    "pearson_p": 0.002083601157226441,
    "spearman_r_vs_twonn": 0.7202797202797203,
    "spearman_p": 0.008239768712338436
  }
}